{
  "STATUS": "FAILED",
  "failedCaseNo": 1,
  "avgTime": 0.3101879999740049,
  "avgMemory": 0.07045491536458333,
  "results": [
    {
      "caseNo": 1,
      "time": 0.2995159999700263,
      "memory": 0.0028839111328125,
      "passed": false,
      "output": null,
      "isSample": false,
      "input": [1, 2],
      "expected": 3,
      "error": {},
      "_id": "668a435ddce9a929d18990f7",
      "consoleOutput": []
    },
    {
      "caseNo": 2,
      "time": 0.2835659999400377,
      "memory": 0.20569610595703125,
      "passed": false,
      "output": null,
      "isSample": false,
      "input": [3, 4],
      "expected": 7,
      "error": {},
      "_id": "668a435ddce9a929d18990f",
      "consoleOutput": []
    },
    {
      "caseNo": 3,
      "time": 0.34748200001195073,
      "memory": 0.00278472900390625,
      "passed": false,
      "output": null,
      "isSample": false,
      "input": [5, 6],
      "expected": 11,
      "error": {},
      "_id": "668a435ddce9a929d189",
      "consoleOutput": []
    }
  ],
  "driver": "NodeJS v18.x",
  "timestamp": 1723370432603
}
